﻿Title,Year,Languages,Rating Value
The Incredible Hulk,2008,[English;Portuguese;Spanish],6.8
Sherlock Holmes,2009,[English;French],7.6
Iron Man,2008,[English;Persian;Urdu;Arabic;Hungarian],7.9
Iron Man 2,2010,[English;French;Russian],7
Iron Man 3,2013,[English],7.2
Thor: Ragnarok,2017,[English],7.9
The Avengers,2012,[English;Russian;Hindi],8.1
Doctor Strange,2016,[English],7.5
Avengers: Infinity War,2018,[English],8.5
Avengers: Age of Ultron,2015,[English;Korean],7.4
Thor,2011,[English],7
Thor: The Dark World,2013,[English],7
Spider-Man: Homecoming,2017,[English;Spanish],7.5
Captain America: The First Avenger,2011,[English;Norwegian;French],6.9
Captain America: Civil War,2016,[English;German;Russian;Romanian;Hindi],7.8
Ant-Man,2015,[English],7.3
Captain America: The Winter Soldier,2014,[English;French],7.8
Mary Queen of Scots,2018,[English],6.9
Revolting Rhymes Part One,2016,[English;Swedish],7.7
The Glass Castle,2017,[English],7.2
Free Fire,2016,[English],6.4
Right on Track,2003,[English],6.6
Rise of the Guardians,2012,[English;French],7.3
Anna Karenina,2012,[English],8.1
Guardians of the Multiverse,2020,[English;Spanish],8.2
Black Panther: Wakanda Forever,2022,[English;Xhosa],7.8
The Quantum Enigma,2021,[English;German],7.4
Strange Adventures,2019,[English],7.6
Avengers: Secret Wars,2023,[English;Japanese;Korean],8.7
The Guardians' Legacy,2021,[English],7.3
Spider-Man: Into the Quantum Realm,2022,[English;Portuguese],8.1
The Battle of Asgard,2020,[English;Norwegian],7.0
Captain Marvel: Infinite Forces,2022,[English;French],7.5
Eternals: The Final Stand,2023,[English;Hindi;Russian],7.9
Ant-Man and the Wasp: Quantum Bound,2021,[English],7.6
Nova: Rise of the Nova Corps,2024,[English;Spanish;French],8.3
